{"error": false, "size": [1920, 1080], "name": "Joe And Mysterious Treasure", "version": "1.0", "location": {"label": {"start": ["game/script.rpy", 8], "hazir": ["game/script.rpy", 41], "sehir": ["game/script.rpy", 57], "home": ["game/script.rpy", 69], "inhome": ["game/script.rpy", 80], "road": ["game/script.rpy", 102], "temles": ["game/script.rpy", 120], "hazine": ["game/script.rpy", 129], "north": ["game/script.rpy", 144], "south": ["game/script.rpy", 160], "treasure": ["game/script.rpy", 175], "final": ["game/script.rpy", 202], "cikis": ["game/script.rpy", 211]}, "define": {"gui.accent_color": ["game/gui.rpy", 26], "gui.idle_color": ["game/gui.rpy", 29], "gui.idle_small_color": ["game/gui.rpy", 33], "gui.hover_color": ["game/gui.rpy", 36], "gui.selected_color": ["game/gui.rpy", 40], "gui.insensitive_color": ["game/gui.rpy", 43], "gui.muted_color": ["game/gui.rpy", 47], "gui.hover_muted_color": ["game/gui.rpy", 48], "gui.text_color": ["game/gui.rpy", 51], "gui.interface_text_color": ["game/gui.rpy", 52], "gui.text_font": ["game/gui.rpy", 58], "gui.name_text_font": ["game/gui.rpy", 61], "gui.interface_text_font": ["game/gui.rpy", 64], "gui.text_size": ["game/gui.rpy", 67], "gui.name_text_size": ["game/gui.rpy", 70], "gui.interface_text_size": ["game/gui.rpy", 73], "gui.label_text_size": ["game/gui.rpy", 76], "gui.notify_text_size": ["game/gui.rpy", 79], "gui.title_text_size": ["game/gui.rpy", 82], "gui.main_menu_background": ["game/gui.rpy", 88], "gui.game_menu_background": ["game/gui.rpy", 89], "gui.textbox_height": ["game/gui.rpy", 97], "gui.textbox_yalign": ["game/gui.rpy", 101], "gui.name_xpos": ["game/gui.rpy", 106], "gui.name_ypos": ["game/gui.rpy", 107], "gui.name_xalign": ["game/gui.rpy", 111], "gui.namebox_width": ["game/gui.rpy", 115], "gui.namebox_height": ["game/gui.rpy", 116], "gui.namebox_borders": ["game/gui.rpy", 119], "gui.namebox_tile": ["game/gui.rpy", 123], "gui.dialogue_xpos": ["game/gui.rpy", 128], "gui.dialogue_ypos": ["game/gui.rpy", 129], "gui.dialogue_width": ["game/gui.rpy", 132], "gui.dialogue_text_xalign": ["game/gui.rpy", 136], "gui.button_width": ["game/gui.rpy", 146], "gui.button_height": ["game/gui.rpy", 147], "gui.button_borders": ["game/gui.rpy", 150], "gui.button_tile": ["game/gui.rpy", 154], "gui.button_text_font": ["game/gui.rpy", 157], "gui.button_text_size": ["game/gui.rpy", 160], "gui.button_text_idle_color": ["game/gui.rpy", 163], "gui.button_text_hover_color": ["game/gui.rpy", 164], "gui.button_text_selected_color": ["game/gui.rpy", 165], "gui.button_text_insensitive_color": ["game/gui.rpy", 166], "gui.button_text_xalign": ["game/gui.rpy", 169], "gui.radio_button_borders": ["game/gui.rpy", 178], "gui.check_button_borders": ["game/gui.rpy", 180], "gui.confirm_button_text_xalign": ["game/gui.rpy", 182], "gui.page_button_borders": ["game/gui.rpy", 184], "gui.quick_button_borders": ["game/gui.rpy", 186], "gui.quick_button_text_size": ["game/gui.rpy", 187], "gui.quick_button_text_idle_color": ["game/gui.rpy", 188], "gui.quick_button_text_selected_color": ["game/gui.rpy", 189], "gui.choice_button_width": ["game/gui.rpy", 202], "gui.choice_button_height": ["game/gui.rpy", 203], "gui.choice_button_tile": ["game/gui.rpy", 204], "gui.choice_button_borders": ["game/gui.rpy", 205], "gui.choice_button_text_font": ["game/gui.rpy", 206], "gui.choice_button_text_size": ["game/gui.rpy", 207], "gui.choice_button_text_xalign": ["game/gui.rpy", 208], "gui.choice_button_text_idle_color": ["game/gui.rpy", 209], "gui.choice_button_text_hover_color": ["game/gui.rpy", 210], "gui.choice_button_text_insensitive_color": ["game/gui.rpy", 211], "gui.slot_button_width": ["game/gui.rpy", 221], "gui.slot_button_height": ["game/gui.rpy", 222], "gui.slot_button_borders": ["game/gui.rpy", 223], "gui.slot_button_text_size": ["game/gui.rpy", 224], "gui.slot_button_text_xalign": ["game/gui.rpy", 225], "gui.slot_button_text_idle_color": ["game/gui.rpy", 226], "gui.slot_button_text_selected_idle_color": ["game/gui.rpy", 227], "gui.slot_button_text_selected_hover_color": ["game/gui.rpy", 228], "config.thumbnail_width": ["game/gui.rpy", 231], "config.thumbnail_height": ["game/gui.rpy", 232], "gui.file_slot_cols": ["game/gui.rpy", 235], "gui.file_slot_rows": ["game/gui.rpy", 236], "gui.navigation_xpos": ["game/gui.rpy", 245], "gui.skip_ypos": ["game/gui.rpy", 248], "gui.notify_ypos": ["game/gui.rpy", 251], "gui.choice_spacing": ["game/gui.rpy", 254], "gui.navigation_spacing": ["game/gui.rpy", 257], "gui.pref_spacing": ["game/gui.rpy", 260], "gui.pref_button_spacing": ["game/gui.rpy", 263], "gui.page_spacing": ["game/gui.rpy", 266], "gui.slot_spacing": ["game/gui.rpy", 269], "gui.main_menu_text_xalign": ["game/gui.rpy", 272], "gui.frame_borders": ["game/gui.rpy", 281], "gui.confirm_frame_borders": ["game/gui.rpy", 284], "gui.skip_frame_borders": ["game/gui.rpy", 287], "gui.notify_frame_borders": ["game/gui.rpy", 290], "gui.frame_tile": ["game/gui.rpy", 293], "gui.bar_size": ["game/gui.rpy", 306], "gui.scrollbar_size": ["game/gui.rpy", 307], "gui.slider_size": ["game/gui.rpy", 308], "gui.bar_tile": ["game/gui.rpy", 312], "gui.scrollbar_tile": ["game/gui.rpy", 313], "gui.slider_tile": ["game/gui.rpy", 314], "gui.bar_borders": ["game/gui.rpy", 317], "gui.scrollbar_borders": ["game/gui.rpy", 318], "gui.slider_borders": ["game/gui.rpy", 319], "gui.vbar_borders": ["game/gui.rpy", 322], "gui.vscrollbar_borders": ["game/gui.rpy", 323], "gui.vslider_borders": ["game/gui.rpy", 324], "gui.unscrollable": ["game/gui.rpy", 328], "config.history_length": ["game/gui.rpy", 336], "gui.history_height": ["game/gui.rpy", 340], "gui.history_name_xpos": ["game/gui.rpy", 343], "gui.history_name_ypos": ["game/gui.rpy", 344], "gui.history_name_width": ["game/gui.rpy", 345], "gui.history_name_xalign": ["game/gui.rpy", 346], "gui.history_text_xpos": ["game/gui.rpy", 349], "gui.history_text_ypos": ["game/gui.rpy", 350], "gui.history_text_width": ["game/gui.rpy", 351], "gui.history_text_xalign": ["game/gui.rpy", 352], "gui.nvl_borders": ["game/gui.rpy", 360], "gui.nvl_list_length": ["game/gui.rpy", 364], "gui.nvl_height": ["game/gui.rpy", 368], "gui.nvl_spacing": ["game/gui.rpy", 372], "gui.nvl_name_xpos": ["game/gui.rpy", 375], "gui.nvl_name_ypos": ["game/gui.rpy", 376], "gui.nvl_name_width": ["game/gui.rpy", 377], "gui.nvl_name_xalign": ["game/gui.rpy", 378], "gui.nvl_text_xpos": ["game/gui.rpy", 381], "gui.nvl_text_ypos": ["game/gui.rpy", 382], "gui.nvl_text_width": ["game/gui.rpy", 383], "gui.nvl_text_xalign": ["game/gui.rpy", 384], "gui.nvl_thought_xpos": ["game/gui.rpy", 388], "gui.nvl_thought_ypos": ["game/gui.rpy", 389], "gui.nvl_thought_width": ["game/gui.rpy", 390], "gui.nvl_thought_xalign": ["game/gui.rpy", 391], "gui.nvl_button_xpos": ["game/gui.rpy", 394], "gui.nvl_button_xalign": ["game/gui.rpy", 395], "gui.language": ["game/gui.rpy", 403], "quick_menu": ["game/screens.rpy", 267], "gui.history_allow_tags": ["game/screens.rpy", 913], "config.nvl_list_length": ["game/screens.rpy", 1339], "config.name": ["game/options.rpy", 15], "gui.show_name": ["game/options.rpy", 21], "config.version": ["game/options.rpy", 26], "gui.about": ["game/options.rpy", 32], "build.name": ["game/options.rpy", 40], "config.has_sound": ["game/options.rpy", 49], "config.has_music": ["game/options.rpy", 50], "config.has_voice": ["game/options.rpy", 51], "config.enter_transition": ["game/options.rpy", 77], "config.exit_transition": ["game/options.rpy", 78], "config.intra_transition": ["game/options.rpy", 83], "config.after_load_transition": ["game/options.rpy", 88], "config.end_game_transition": ["game/options.rpy", 93], "config.window": ["game/options.rpy", 110], "config.window_show_transition": ["game/options.rpy", 115], "config.window_hide_transition": ["game/options.rpy", 116], "config.save_directory": ["game/options.rpy", 148], "config.window_icon": ["game/options.rpy", 155], "r": ["game/script.rpy", 1], "s": ["game/script.rpy", 2], "m": ["game/script.rpy", 3]}, "screen": {"say": ["game/screens.rpy", 99], "input": ["game/screens.rpy", 176], "choice": ["game/screens.rpy", 209], "quick_menu": ["game/screens.rpy", 1408], "navigation": ["game/screens.rpy", 288], "main_menu": ["game/screens.rpy", 351], "game_menu": ["game/screens.rpy", 416], "about": ["game/screens.rpy", 542], "save": ["game/screens.rpy", 582], "load": ["game/screens.rpy", 589], "file_slots": ["game/screens.rpy", 596], "preferences": ["game/screens.rpy", 711], "history": ["game/screens.rpy", 872], "help": ["game/screens.rpy", 961], "keyboard_help": ["game/screens.rpy", 990], "mouse_help": ["game/screens.rpy", 1041], "gamepad_help": ["game/screens.rpy", 1064], "confirm": ["game/screens.rpy", 1130], "skip_indicator": ["game/screens.rpy", 1192], "notify": ["game/screens.rpy", 1247], "nvl": ["game/screens.rpy", 1286], "nvl_dialogue": ["game/screens.rpy", 1318]}, "transform": {"delayed_blink": ["game/screens.rpy", 1210], "notify_appear": ["game/screens.rpy", 1258]}, "callable": {"touch": ["game/gui.rpy", 414], "small": ["game/gui.rpy", 421]}}, "build": {"directory_name": "JoeAndMysteriousTreasure-1.0", "executable_name": "JoeAndMysteriousTreasure", "include_update": false, "packages": [{"name": "pc", "formats": ["zip"], "file_lists": ["windows", "linux", "renpy", "all"], "description": "PC: Windows and Linux", "update": true, "dlc": false, "hidden": false}, {"name": "linux", "formats": ["tar.bz2"], "file_lists": ["linux", "linux_arm", "renpy", "all"], "description": "Linux", "update": true, "dlc": false, "hidden": false}, {"name": "mac", "formats": ["app-zip", "app-dmg"], "file_lists": ["mac", "renpy", "all"], "description": "Macintosh", "update": true, "dlc": false, "hidden": false}, {"name": "win", "formats": ["zip"], "file_lists": ["windows", "renpy", "all"], "description": "Windows", "update": true, "dlc": false, "hidden": false}, {"name": "market", "formats": ["bare-zip"], "file_lists": ["windows", "linux", "mac", "renpy", "all"], "description": "Windows, Mac, Linux for Markets", "update": true, "dlc": false, "hidden": false}, {"name": "steam", "formats": ["zip"], "file_lists": ["windows", "linux", "mac", "renpy", "all"], "description": "steam", "update": true, "dlc": false, "hidden": true}, {"name": "android", "formats": ["directory"], "file_lists": ["android", "all"], "description": "android", "update": false, "dlc": true, "hidden": true}, {"name": "ios", "formats": ["directory"], "file_lists": ["ios", "all"], "description": "ios", "update": false, "dlc": true, "hidden": true}, {"name": "web", "formats": ["zip"], "file_lists": ["web", "all"], "description": "web", "update": false, "dlc": true, "hidden": true}], "archives": [["archive", ["all"]]], "documentation_patterns": ["*.html", "*.txt"], "base_patterns": [["*.py", null], ["*.sh", null], ["*.app/", null], ["*.dll", null], ["*.manifest", null], ["lib/", null], ["renpy/", null], ["update/", null], ["common/", null], ["update/", null], ["old-game/", null], ["icon.ico", null], ["icon.icns", null], ["project.json", null], ["log.txt", null], ["errors.txt", null], ["traceback.txt", null], ["image_cache.txt", null], ["text_overflow.txt", null], ["dialogue.txt", null], ["dialogue.tab", null], ["profile_screen.txt", null], ["files.txt", null], ["memory.txt", null], ["tmp/", null], ["game/saves/", null], ["game/bytecode.rpyb", null], ["archived/", null], ["launcherinfo.py", null], ["android.txt", null], ["game/presplash*.*", ["all"]], [".android.json", ["android"]], ["android-*.png", ["android"]], ["android-*.jpg", ["android"]], ["ouya_icon.png", null], ["ios-presplash.*", ["ios"]], ["ios-launchimage.png", null], ["ios-icon.png", null], ["web-presplash.png", ["web"]], ["web-presplash.jpg", ["web"]], ["web-presplash.webp", ["web"]], ["progressive_download.txt", ["web"]], ["steam_appid.txt", null], ["**~", null], ["**.bak", null], ["**/.**", null], ["**/#**", null], ["**/thumbs.db", null], [".*", null], ["**", ["all"]]], "renpy_patterns": [["renpy/common/_compat/**", null], ["renpy/common/_roundrect/**", null], ["renpy/common/_outline/**", null], ["renpy/common/_theme**", null], ["lib/**/_ssl.*", null], ["renpy/**__pycache__/**.cpython-39.pyc", ["all"]], ["renpy/**__pycache__", ["all"]], ["**~", null], ["**/#*", null], ["**/.*", null], ["**.old", null], ["**.new", null], ["**.rpa", null], ["**/steam_appid.txt", null], ["renpy.py", ["all"]], ["renpy/", ["all"]], ["renpy/**.py", ["renpy"]], ["renpy/**.pxd", null], ["renpy/**.pxi", null], ["renpy/**.pyx", null], ["renpy/**.pyc", null], ["renpy/**.pyo", null], ["renpy/common/", ["all"]], ["renpy/common/_compat/**", ["renpy"]], ["renpy/common/**.rpy", ["renpy"]], ["renpy/common/**.rpym", ["renpy"]], ["renpy/common/_compat/**", ["renpy"]], ["renpy/common/**", ["all"]], ["renpy/**", ["all"]], ["lib/*/renpy", null], ["lib/*/renpy.exe", null], ["lib/*/pythonw.exe", null], ["lib/py2-*/", null], ["lib/py*-windows-i686/**", ["windows_i686"]], ["lib/py*-windows-x86_64/**", ["windows"]], ["lib/py*-linux-i686/**", ["linux_i686"]], ["lib/py*-linux-aarch64/**", ["linux_arm"]], ["lib/py*-linux-armv7l/**", ["linux_arm"]], ["lib/py*-linux-*/**", ["linux"]], ["lib/py*-mac-*/**", ["mac"]], ["lib/python2.*/**", null], ["lib/**", ["windows", "linux", "mac", "android", "ios"]], ["renpy.sh", ["linux", "mac"]]], "xbit_patterns": ["**.sh", "lib/py*-linux-*/*", "lib/py*-mac-*/*", "**.app/Contents/MacOS/*"], "version": "1.0", "display_name": "Joe And Mysterious Treasure", "exclude_empty_directories": true, "allow_integrated_gpu": true, "renpy": false, "script_version": true, "destination": "JoeAndMysteriousTreasure-1.0-dists", "mac_info_plist": {}, "merge": [["linux_i686", "linux"], ["windows_i686", "windows"]], "include_i686": true, "change_icon_i686": true, "android_permissions": [], "_sdk_fonts": false}}